created at,tweet,retweet,favorite,sentiment
2019-06-08 02:47:22,1PC Aquarium Fish Tank Clip Lamp Light White Blue Color Lighting Ornament Decor EU Plug https://t.co/N2IdCliTPh‚Ä¶ https://t.co/R9AhvpVWGh,0,2,positive
2019-06-08 02:46:51,"Part of Team NB competing in the Nova Scotia 4* ATA event! Great team and great atmosphere! üéæüî•.

#tennisnb‚Ä¶ https://t.co/oj6zLWnRDw",0,0,positive
2019-06-08 02:44:12,"When you cross a street in India

Read more: https://t.co/BOLpvFxLf0

#funny #meme #facts #news #viral #trending‚Ä¶ https://t.co/6e4dxXnTXo",0,2,positive
2019-06-08 02:43:59,Summer female T-shirt Top Short Sleeve O-neck Fashion Russian Letter Inscription Print Casual T-shirts women tshirt‚Ä¶ https://t.co/NTvSIi5EyQ,0,0,negative
2019-06-08 02:41:24,"Set the bush on fire üî• 
#cars #addict #sport #luxurious #Speed https://t.co/toLbej8uRN",0,0,neutral
2019-06-08 02:41:00,1 Pc Power Floss Water Jet Cleaning Tooth Mouthpiece Clean Oral Hygiene Floss Dental Whitening Mouth Denture Cleane‚Ä¶ https://t.co/1DMjVgT0K2,0,0,positive
2019-06-08 02:39:11,"French Open 2019: Ashleigh Barty and Marketa Vondrousova in unlikely final - https://t.co/dJBKj0wyNp
#LiveSportToday #Sport #Scores",0,0,negative
2019-06-08 02:38:25,KLAY THOMPSON Golden State Warriors Basketball #NBA Wesatern - T-shirt https://t.co/GtZ1WlxNB9 #sport https://t.co/RrVgzDPuz8,1,1,positive
2019-06-08 02:35:57,As they say back East - it‚Äôs a real SCOYCHA out THEYA tonight. Thank goodness  for #beer!  Staying down south tonig‚Ä¶ https://t.co/fm1DHTWfOS,0,1,positive
2019-06-08 02:28:56,"List the Top 5 defenses entering the 2019 NFL season.

Who makes your list?

#nfl #nflnews #nfllive #nflupdates‚Ä¶ https://t.co/S9LuwZcp3n",0,1,positive
2019-06-08 02:26:04,Sport:Belmont will bring end to entertaining Triple Crown: NEW YOR-- https://t.co/ZV2dJDSJqm #sport https://t.co/3V8fJOiS0m,0,0,positive
2019-06-08 02:25:04,"Basketball: Raptors vs. Warriors - Live score, updates, highlights.. https://t.co/fdIUYbpOVE #sport https://t.co/9dQESIwINg",0,0,positive
2019-06-08 02:24:47,"‚òÑÔ∏èI want it, I got it, I want it, I got itüèÉüèª‚Äç‚ôÄÔ∏è
üååFriday night powerüí™üèΩ

üí™üèΩüóª #God #Dios #happiness #felicidad #sport‚Ä¶ https://t.co/5zihDh5m1u",0,0,positive
2019-06-08 02:23:13,"Congratulations Jared O‚ÄôRiley who placed 4th at OFSAA üéâ
Track and field - javelin 
@CollegeavenueSS @OFSAA #proud‚Ä¶ https://t.co/T40Vn3oIb6",0,0,positive
2019-06-08 02:19:04,#triathlon #sport #fixie Comfortable UV-Resistant Elastic Men's Cycling Pants https://t.co/uceS5HtU60,1,0,positive
2019-06-08 02:18:53,"The 2019 Ranger Rover Sport HST has some performance bits, but is it enough for the price? Get to Raiti‚Äôs Rides to‚Ä¶ https://t.co/s3DITWwNlq",0,0,neutral
2019-06-08 02:17:16,"The 2019 Ranger Rover Sport HST has some performance bits, but is it enough for the price? Get to Raiti‚Äôs Rides to‚Ä¶ https://t.co/9LQcvEKomi",0,0,neutral
2019-06-08 02:14:51,üó£ I Updated My Website https://t.co/7jNEt6Q8cZ or Click The Link in The Bio‚ùóÔ∏èüî•üî•üî• #hiphop #rap #rapmusic‚Ä¶ https://t.co/K9XSLhopFI,1,0,neutral
2019-06-08 02:14:12,"Cooking skills

Read more: https://t.co/65g6GR3x5C

#funny #meme #facts #news #viral #trending #fortnite #F‚Ä¶ https://t.co/NUMzRKdgfY",1,1,positive
2019-06-08 02:14:01,#WTF What The #Fuck #LOL #Fun #Sport #Crossfit #Gym #Fitness #Workout #Running #Cycling #Tanktop‚Ä¶ https://t.co/DoJ7euiSYu,1,0,positive
2019-06-08 02:13:33,Women Flap Messenger Bags Bolsa Feminina Women Shoulder Bag Female Causal Totes Luxury Handbags New Design Crossbod‚Ä¶ https://t.co/CNSBGS7xtx,0,0,positive
2019-06-08 02:13:10,#GOALKEEPER SHRED GODDESS! Photo taken TODAY 6/7/19 at SOCCER BABE PHOTO  SHOOT! Personalized Autographed 8x10 HOT‚Ä¶ https://t.co/wOZ7DhNVnk,0,1,positive
2019-06-08 02:13:09,#FollowBack #AndyMurray #Football #Tennis #Sport #Sports #Keyrings Pls Follow &amp; RT!!!!!,0,0,neutral
2019-06-08 02:12:12,#GOALKEEPER SHRED GODDESS! Photo taken TODAY 6/7/19 at SOCCER BABE PHOTO SHOOT! Personalized Autographed 8x10 HOT K‚Ä¶ https://t.co/p5zGs1g7hy,0,1,positive
2019-06-08 02:04:13,50pcs/lot sea Fishing box LUSHAZER offset hook 2#1#1/0#2/0#3/0carp snap fishing big hooks tackles accessories free‚Ä¶ https://t.co/Ecmznh7xjm,0,0,positive
2019-06-08 01:57:43,"Before the start of 24hr ocrwc. Do I look nervous? No, because I'm not.

#ocr #ocrathlete #enduro #24hr #getagrip‚Ä¶ https://t.co/U0Pq9qW81T",0,0,neutral
2019-06-08 01:53:55,"Reposted from @bushido9840  -  @eds_manifesto ..you already know...‚öîü§ò
.
.
.
https://t.co/Er2WB4XYGU .
.
.‚Ä¶ https://t.co/7czEuhSf55",0,0,neutral
2019-06-08 01:52:19,"Pure flow
3000/-¬∞
¬∞
MPESA Buy Goods Till 738432‚Ä¢
WhatsApp or Call 0796548935‚Ä¢
Delivery charges apply‚Ä¢
||Shop7 2nd f‚Ä¶ https://t.co/HEAuMdytaB",0,0,positive
2019-06-08 01:52:17,"Alvord 10
3000/-¬∞
¬∞
MPESA Buy Goods Till 738432‚Ä¢
WhatsApp or Call 0796548935‚Ä¢
Delivery charges apply‚Ä¢
||Shop7 2nd f‚Ä¶ https://t.co/LeBXGhOlqh",0,0,neutral
2019-06-08 01:50:06,"Hockey: 2019 NHL Draft Preview: Spencer Knight, USA Goaltender &gt; &gt;&gt; https://t.co/rfYxvAYqXX #sport https://t.co/yKQZMpwMSj",0,0,neutral
2019-06-08 01:46:04,France enjoy dream start as women‚Äôs World Cup kicks off https://t.co/NQvggxm6zY #Sport #Football #France,0,0,positive
2019-06-08 01:44:12,"Juuuuust right.

Read more: https://t.co/TiypAkqQfd

#funny #meme #facts #news #viral #trending #fortnite #F‚Ä¶ https://t.co/baPB9Jqp93",0,3,positive
2019-06-08 01:42:23,LED Pineapple Shaped Night Lights Fairy String Light Curtain Fruit Lamp Party Bedroom Home Decoration‚Ä¶ https://t.co/MkbL6ckibO,0,0,positive
2019-06-08 01:38:37,"#NBA Finals #basketball üèÄ time...
.
Watching games, just as attending the classroom... there is always something th‚Ä¶ https://t.co/w4LekTmeCm",0,1,neutral
2019-06-08 01:34:10,"Lewis Hamilton crashes in Canada GP practice; Ferrari's Leclerc and Vettel top - https://t.co/T2lPPpih7W
#LiveSportToday #Sport #Scores",0,0,positive
2019-06-08 01:33:22,"YAHWIGGS
SOLD to @YahWiggs

one of my recent project
Hope you enjoy üòÅ

Lets contact me on
Rahmatadigunadidin@gmail.‚Ä¶ https://t.co/SWkmey9hYr",0,5,positive
2019-06-08 01:30:36,2 in 1 Multifunction Hard Car Window Seat Safety Security AUTO Emergency Escape Life-Saving Hammer Belt Cutter Tool‚Ä¶ https://t.co/z9L4xPu1pw,0,0,negative
2019-06-08 01:30:35,"Tomato Slicer Fruits Cutter Assistant Tomato Lemon Shreadders Slicer $8.99 https://t.co/src5P8b9G6
#fashion|‚Ä¶ https://t.co/wxkM6bNm2N",0,0,neutral
2019-06-08 01:26:50,"Are you interested in Female Hockey? Contact the office for more information üèí 
‚Ä¢
‚Ä¢
‚Ä¢
‚Ä¢
‚Ä¢
‚Ä¢
#chilliwackhockey‚Ä¶ https://t.co/6Opbeqd09j",0,0,positive
2019-06-08 01:26:29,Last nights Wirayudha Pencak Silat Martial Arts Training at Hybrid MMA Gold Coast QLD #GoldCoast #QLDER #Queensland‚Ä¶ https://t.co/A2isTO2hgo,0,0,neutral
2019-06-08 01:26:11,"#archives - Never gets old

Read more: https://t.co/6ujUm3rHrq

#funny #meme #facts #news #viral #trending‚Ä¶ https://t.co/BQXMo4yUPW",0,3,positive
2019-06-08 01:24:43,"The Simple Sports Pantsüëñ Sporty pants are also different style.üèÉ‚Äç‚ôÇÔ∏èüèÉ‚Äç‚ôÄÔ∏è
#pant #pants #design #swag #street‚Ä¶ https://t.co/VE7zns87xt",2,1,neutral
2019-06-08 01:20:00,"Lennox Lewis Stops Iron Mike Tyson This Day June 8, 2002
 
Lennox Lewis 249¬º lbs
Mike Tyson 234 lbs
KO 2:25 8
Memph‚Ä¶ https://t.co/6ihwg0quA6",3,6,neutral
2019-06-08 01:18:28,I endorse this statement üíØ. You should learn that evolving for the better is a continuous lifetime process crimefor‚Ä¶ https://t.co/myDHOdc3J3,0,0,positive
2019-06-08 01:15:04,Basketball: Analysis: What's next for Warriors after Kyle Lowry in.. https://t.co/JtgoOECOuy #sport https://t.co/CsxGieLsSK,0,0,neutral
2019-06-08 01:14:31,"How pretty is that?

 #shopping #fashion #kids #electronics #watches #sport #outdoor https://t.co/HbiMJDKlSf",0,0,positive
2019-06-08 01:13:46,#FollowBack #AndyMurray #Football #Tennis #Sport #Sports #Keyrings Pls Follow &amp; RT!!!!,0,0,neutral
2019-06-08 01:09:00,"""Superman"" and ""Wonder Woman"" have given the #STRun the thumbs up! Be like these superheroes. Sign up at‚Ä¶ https://t.co/9MNqfbG345",1,1,neutral
2019-06-08 01:04:04,#sport #sportoutfit Waterproof Cycling Sport Backpack https://t.co/FaMn8iRo1M https://t.co/O9pMwbyN3k,0,0,neutral
2019-06-08 00:58:04,Barty looks to end 46-year Aussie drought in Paris https://t.co/4zlcuYlacY #Sport #Tennis,0,0,neutral
2019-06-08 00:56:18,"If you fail to prepare, you‚Äôre prepared to fail.‚Äì Mark Spitz #sport #quote",0,0,negative
2019-06-08 00:49:10,Chess Game Table Portable Wooden Chessboard Folding Board Chess Game for Party Family Activities With Latch for Eas‚Ä¶ https://t.co/gGdHLfSJda,0,0,negative
2019-06-08 00:44:14,"Debbie is my spirit animal

Read more: https://t.co/zqpue3mU3f

#funny #meme #facts #news #viral #trending‚Ä¶ https://t.co/upGRqX1coM",0,0,positive
2019-06-08 00:38:42,Nike #NBA Milwaukee Bucks Player Practice SS Training Jersey Large Tall White https://t.co/qd8yMdJv2i #sport https://t.co/yLEhNmYbkk,0,0,positive
2019-06-08 00:36:04,Hockey:Midwest - Barbashev suspended for Game 6 for illegal hit to t https://t.co/f8TbTfyMDh #sport https://t.co/0whvQNd3mi,0,0,negative
2019-06-08 00:33:55,"Day or night... we have the best sky‚ù§Ô∏è.
.
.
.
#futaleufu #futaleuf√∫ #patagonia #outdoors #river #rafting #adventure‚Ä¶ https://t.co/88gCTCBiFq",0,0,positive
2019-06-08 00:32:53,"Q&amp;A: What could reform of European club football mean for the game? - https://t.co/qHTv1aTtsB
#LiveSportToday #Sport #Scores",0,0,negative
2019-06-08 00:32:45,"@DEADLIFTTIDEAD with get_repost
„Éª„Éª„Éª
A thing of beauty markfelix66 350kg x 8 #powerlifting #yes #deadlift‚Ä¶ https://t.co/Qwas8QkF85",0,1,neutral
2019-06-08 00:32:17,"#SOCCER BABE #SHREDS &amp; SCORES!!!

THE GREAT KAT GUITAR GODDESS Video taken TODAY 6/7/19 at #SOCCER BABE PHOTO SHOOT‚Ä¶ https://t.co/Fpo1FOEOEV",3,3,positive
2019-06-08 00:25:07,"Stand out a little!

#basketball #shoes #women #sport #creative

https://t.co/i297FVikma https://t.co/wvWDDCByLM",0,0,positive
2019-06-08 00:22:29,"Go Walk 3
2500/-¬∞
¬∞
MPESA Buy Goods Till 738432‚Ä¢
WhatsApp or Call 0796548935‚Ä¢
Delivery charges apply‚Ä¢
||Shop7 2nd f‚Ä¶ https://t.co/ViUifIxita",0,0,neutral
2019-06-08 00:22:25,#beach #sport Outdoor 6 In 1 Multifunctional Folding Tools https://t.co/28sf51ck7D,0,0,neutral
2019-06-08 00:22:12,"I'll make my own grill. With blackjack and hookers!

Read more: https://t.co/AMbNmzYlkK

#funny #meme #facts #news‚Ä¶ https://t.co/E8uPAjRJjV",0,1,positive
2019-06-08 00:21:29,A thing of beauty markfelix66 350kg x 8 #powerlifting #yes #deadlift #conventionaldeadlift #sumodeadlift‚Ä¶ https://t.co/1ZZlcryRk6,0,0,neutral
2019-06-08 00:17:52,I‚Äôm a couch potato this #longweekend watching feast of #sport @Socceroos @FAIreland    @ashbar96 reach‚Ä¶ https://t.co/4wxeYPdlx9,0,2,neutral
2019-06-08 00:17:04,"Gone with the wind as Djokovic, Thiem blown off course at Roland Garros https://t.co/7BHpgWT8pW #Sport #Tennis",0,0,neutral
2019-06-08 00:13:19,#FollowBack #AndyMurray #Football #Tennis #Sport #Sports #Keyrings Pls Follow &amp; RT!!!,0,0,neutral
2019-06-08 00:13:10,"If at first you don‚Äôt succeed, you are running about average.‚Äì M.H. Alderson #sport #quote",0,0,positive
2019-06-08 00:11:20,"A quick after work.Heading into the weekend. Have a great weekend.

https://t.co/TunYgoE0LX

#coffeefriends‚Ä¶ https://t.co/a2gPgZkuPo",0,0,positive
2019-06-08 00:10:44,Fashion Lace Long Gloves Black Beading Stretch Fingerless Embroidered Gloves Retro Gothic https://t.co/oXL4xgjw1e‚Ä¶ https://t.co/2jAO2CNLvR,0,0,negative
2019-06-08 00:05:34,"#SOCCER BABE #SHREDS &amp; SCORES!!!

THE GREAT KAT GUITAR GODDESS Video taken TODAY 6/7/19 at #SOCCER BABE PHOTO SHOOT‚Ä¶ https://t.co/Ikc63w4gJb",1,2,positive
2019-06-08 00:04:14,"#GOALIE #BEETHOVEN!
Photo taken TODAY 6/7/19 at #SOCCER BABE PHOTO SHOOT! Personalized Autographed 8x10 HOT KAT Glo‚Ä¶ https://t.co/ACcPLeYthd",0,1,positive
2019-06-08 00:04:13,"Leaving the boys for a girl was a mistake

Read more: https://t.co/OQJGHpOovv

#funny #meme #facts #news #viral‚Ä¶ https://t.co/OV166C9FEi",0,0,positive
2019-06-08 00:04:04,"#SOCCER BABE!
Photo taken TODAY 6/7/19 at SOCCER BABE PHOTO SHOOT! Personalized Autographed 8x10 HOT KAT Glossy Col‚Ä¶ https://t.co/Bkdww85URT",0,1,positive
2019-06-08 00:00:53,24 years ago: F1's Greatest Lap All the times. VIDEO 1.2. PT üèÅ #ayrtonsenna #senna #f1 #sport #racing #motorsport‚Ä¶ https://t.co/pXar2qkB9k,1,0,positive
2019-06-08 00:00:15,Fashion Classic REGINALD Brand Datejust Quartz Watch Men Fluted Bezel Vintage Roman Dial Full Stainless Steel Lumin‚Ä¶ https://t.co/UVCu7GAeum,0,0,positive
2019-06-07 23:47:50,Asipartan 2Pcs/set Iron ring Red Wine Pourer Spout Wine Aerator Bottle Stopper Free Flow Pourers Barware Bar Access‚Ä¶ https://t.co/rJuT7N7FiD,0,0,positive
2019-06-07 23:45:27,"When you think of luxury and fashion, you should think of alainfagnidi.official. His new fashion line demands atten‚Ä¶ https://t.co/xe5tAszVB8",0,1,positive
2019-06-07 23:44:14,"When u r so high that any door becomes narnia

Read more: https://t.co/EUIQoNe03h

#funny #meme #facts #news #viral‚Ä¶ https://t.co/TdjmizX1AC",0,1,positive
2019-06-07 23:41:13,"#GOALIE #BEETHOVEN! 
Photo taken TODAY 6/7/19 at #SOCCER BABE PHOTO SHOOT! Personalized Autographed 8x10 HOT KAT Gl‚Ä¶ https://t.co/0LIxv5m8Fp",0,2,positive
2019-06-07 23:30:11,"TEAMWORK @FastAndieRacing 

#nhra #Motorycle #osborn #girlpower #motorsports #motorcycle #dragracing #bike #crazy‚Ä¶ https://t.co/Fc61axMte8",0,0,negative
2019-06-07 23:29:41,"Saracens win Champions Cup: What lies ahead for Mark McCall - https://t.co/BKVQqdJQcL
#LiveSportToday #Sport #Scores",0,0,positive
2019-06-07 23:27:05,NHL:Blues penalty kill has them on verge of Cup - Special team: B =&gt; https://t.co/SMNYEKEJMF #sport https://t.co/qhFIXHwwjJ,0,1,positive
2019-06-07 23:23:17,"#SOCCER BABE! 
Photo taken TODAY 6/7/19 at SOCCER BABE PHOTO SHOOT! Personalized Autographed 8x10 HOT KAT Glossy Co‚Ä¶ https://t.co/8OHK9eKQqy",0,3,positive
2019-06-07 23:22:09,Tough and rugged Canvas Nylon Watch Band For Apple Watch. Expertly made from top quality canvas nylon and Genuine L‚Ä¶ https://t.co/vtpm5bpQHC,0,1,positive
2019-06-07 23:20:10,"Sleek Modern Design Silicone Sport Watch Band for Apple Watch. Safe and soft, lightweight and durable. An innovativ‚Ä¶ https://t.co/4uX5RKACZX",0,0,positive
2019-06-07 23:18:42,"Lifestyle Canvas Jeans/Camo Watch Band for Apple Watch. Available in black, blue and camo. Made from tough and exce‚Ä¶ https://t.co/TYTleFengV",0,1,negative
2019-06-07 23:16:38,Stylish Silicone Dual Color Sports Watch Band. Clasp Type: Metal Buckle. Large variety of colors. #yoobandz‚Ä¶ https://t.co/CsFflWwL9D,0,0,positive
2019-06-07 23:13:41,#FollowBack #AndyMurray #Football #Tennis #Sport #Sports #Keyrings Pls Follow &amp; RT!!,0,0,neutral
2019-06-07 23:09:44,REAVE CAT New 2018 Women boots Velvet Inside Warm Winter Snow boots Female booties Flat Platform Women Mid-Calf boo‚Ä¶ https://t.co/cYWQKfC1YD,0,0,positive
2019-06-07 23:09:04,@Nike for sport!  For equality! @BCNGBF @Caa_1962 @FinaUsatorre @FIFAWWC @FIFAWorldCup @Futfem #futbol #sport #esport #deporte,0,0,neutral
2019-06-07 23:08:03,"Check daily updated team news for 100+ leagues worldwide.
#football #soccer #sport #fussball #nba #nhl #basketball‚Ä¶ https://t.co/PpDWPrFZaE",0,0,neutral
2019-06-07 23:05:04,"Sport &gt; Warriors forward lobbying hard to play in Game 4, report sa- https://t.co/ub3ZVgEinr #sport https://t.co/qeDc5ALbj5",0,0,negative
2019-06-07 23:03:20,JEXXI Fashion 925 Sterling Silver Girls Women Stylish High Quality Blue Stars Crystals Drop Earrings Romantic Chris‚Ä¶ https://t.co/JIfJIxSYj2,0,0,positive
2019-06-07 22:58:01,The Business Accelerator we designed with @Athlete365 is a solid way to help athletes with dual-careers &amp; career tr‚Ä¶ https://t.co/5cLXah1u60,0,0,neutral
2019-06-07 22:51:25,"ORIENT: Quartz Sports Watch, Metal Strap - 46.0mm

#orientwatch #orientwatches #wristwatch #CHRONOGRAPH #SPORT‚Ä¶ https://t.co/iBd0UR8uKD",0,0,neutral
2019-06-07 22:51:06,"League News: The New York Jets re-signed free-agent RB Bilal Powell to a one-year contract. 

#nfl #nflnews‚Ä¶ https://t.co/aEnvJCLuti",0,1,positive
2019-06-07 22:50:01,100pcs/lot Plastic Transparent Cellophane Polka Dot Candy Cookie Gift Bag with DIY Self Adhesive Pouch Wedding Birt‚Ä¶ https://t.co/SUn11ExJD4,0,0,neutral
2019-06-07 22:49:12,"üî•üî• maderobovary üî•üî• by ü§ìüôãüèª‚Äç‚ôÇÔ∏èüì∏ üîúüîú.
.
#cool #girl #model #top #amazing #beauty #fit #body #skin #eyes #hair #sporty‚Ä¶ https://t.co/8HjqYe0fws",1,0,positive
2019-06-07 22:48:53,"üî•üî• maderobovary üî•üî• by ü§ìüôãüèª‚Äç‚ôÇÔ∏èüì∏ üîúüîú.
.
#cool #girl #model #top #amazing #beauty #fit #body #skin #eyes #hair #sporty‚Ä¶ https://t.co/xlJYfx7aFu",0,0,positive
2019-06-07 22:48:33,"üî•üî• maderobovary üî•üî• by ü§ìüôãüèª‚Äç‚ôÇÔ∏èüì∏ üîúüîú.
.
#cool #girl #model #top #amazing #beauty #fit #body #skin #eyes #hair #sporty‚Ä¶ https://t.co/l5n9B6uoHu",0,0,positive
2019-06-07 22:47:08,Body Piercing Pliers Tool Ear Lip Navel Nose Tongue Septum Sponge Forceps Clamp For Lip Nipple Nose Studs Rings‚Ä¶ https://t.co/IE2hCJBVn0,0,0,neutral
2019-06-07 22:45:11,Original New Arrival Authentic Nike AIR MAX 97 OG Women Cherry Powder Bullet Full Palm Cushion Running Shoes Sport‚Ä¶ https://t.co/oxYjCLnB1Q,0,0,positive
2019-06-07 22:45:07,Well regarded prep school near Watford seeks Sports Gap Student. Great career opportunity within sports teaching th‚Ä¶ https://t.co/YLlvAM9f4c,0,0,positive
2019-06-07 22:44:22,"@Chigago_Legends Owner Aramus Brown bought his team to the World Club Basketball Tournament 2018. 

Hear what he ha‚Ä¶ https://t.co/QP4dKUnbfk",1,3,neutral
2019-06-07 22:43:58,"Flexible Shaft Bit Extension Screwdriver Bit Holder Connecting Link https://t.co/ivkLiicfS3
Normal Price R96.95 Sal‚Ä¶ https://t.co/VpDzy2hJ5K",1,1,positive
2019-06-07 22:43:12,"When the party is boring and you need to set the mood

Read more: https://t.co/TujMm52NGz

#funny #meme #facts‚Ä¶ https://t.co/zugZhMzOZ1",0,1,negative
2019-06-07 22:40:41,100% original High Speed USB Port 58mm Thermal Receipt Pirnter POS printer Low Noise Mini Printer‚Ä¶ https://t.co/nozlWLWsQk,0,0,positive
2019-06-07 22:38:37,#NBA Youth Boys Short Sleeve Mesh Fashion Top |XL https://t.co/SBjlQdYoko #sport https://t.co/kXQ3L9crNA,0,0,positive
2019-06-07 22:37:48,Summer Hat Lady Large Brim Gradient Color Flower Sun Hat Anti-UV Adjustable Beach Hats Elegant Girls Vacation Tour‚Ä¶ https://t.co/ZcAdBYHk7R,0,0,positive
2019-06-07 22:36:20,Winter Jacket Women Big Fur Hooded Parka Long Coats Cotton Padded Ladies Winter Coat Women Warm Thicken Jaqueta Fem‚Ä¶ https://t.co/8RsB8CQnBZ,0,1,positive
2019-06-07 22:29:34,"Nike Air Max 270 Women's Running Shoes, Outdoor Sneakers Shoes, Yellow Pink, Breathable Lightweight AH8050-118 AH80‚Ä¶ https://t.co/pYv5w8Kmfj",0,0,negative
2019-06-07 22:26:01,"@vincentwilson28 I was there at 2.15 with our girls team , we played a Westport team in the final, lost unfortunate‚Ä¶ https://t.co/QIka3SO7fE",0,1,negative
2019-06-07 22:25:38,"Our shop's #SiSport is coming along nicely. These 10th gens are really starting to grow on me. 
#honda #civic‚Ä¶ https://t.co/RuYsmcItzT",0,0,positive
2019-06-07 22:22:39,"Saturday 8th June 2019
Newspaper back pages #Sport #BackPages #tomorrowspaperstoday https://t.co/dT2ZuOJaZ4",0,2,neutral
2019-06-07 22:21:38,2018 Autumn Winter Cute Jumpsuit Baby Newborn Snowsuit Boy Warm Romper Down Cotton Girl clothes Bodysuit hooded coa‚Ä¶ https://t.co/UdSgd654ev,0,0,positive
2019-06-07 22:20:13,#sport #sportoutfit 1000 ml Outdoor Water Bottle with Straw https://t.co/sd4a33gc5O,0,0,neutral
2019-06-07 22:19:33,Barty to use Dellacqua experience in final https://t.co/SNLwbO8Rvj #Sport https://t.co/IzgWZngNz5,0,0,neutral
2019-06-07 22:19:04,Hosts France enjoy winning start as women‚Äôs World Cup kicks off https://t.co/EMyf4v6wkO #Sport #Football #France,0,0,positive
2019-06-07 22:18:10,Sooooo the New energy drink is sport &amp; Go! Tropical ginger twist flavor ü§îüòâ #WakayaPerfection #Bulabobble #Nowweknow‚Ä¶ https://t.co/2jeGA93XvP,0,0,positive
2019-06-07 22:15:12,"Not mine... btw, fu** apple

Read more: https://t.co/b8tF8u1iai

#funny #meme #facts #news #viral #trending‚Ä¶ https://t.co/7RaGZH9WUO",2,1,positive
2019-06-07 22:14:04,Hockey&gt; Boston Bruins head coach Bruce Cassidy called the NHL's o... https://t.co/Zaj8xLZb77 #sport https://t.co/IKODDODicT,0,0,neutral
2019-06-07 22:09:17,Daisuke Mori at the Team World Cup 2019 https://t.co/jqkxgomnxn #gymwheel #germanwheel #rh√∂nrad #gymnast #gymlife‚Ä¶ https://t.co/GgeYerpuit,0,1,neutral
2019-06-07 22:08:03,Do what you love and work won't feel like work... #ChooseToFly #iFLY #iflyTV #iflywestchester #indoorskydiving‚Ä¶ https://t.co/Osiplt9uY9,1,0,positive
2019-06-07 22:07:21,#FollowBack #AndyMurray #Football #Tennis #Sport #Sports #Keyrings Pls Follow &amp; RT!,0,0,neutral
2019-06-07 22:04:35,The World Cup started today. Bring on some great football and gripping matches ‚öΩÔ∏è #football #soccer #worldcup2019‚Ä¶ https://t.co/EQIKFnVGQ1,0,0,positive
2019-06-07 22:04:32,"exercise will help you as long as you do it and don‚Äôt just watch it being done by others
https://t.co/DC0Zwc9Jas‚Ä¶ https://t.co/bN6VcTiBYd",0,0,negative
2019-06-07 22:04:06,Sport: Real Madrid completes signing of Chelsea star Eden Hazard...https://t.co/10wnC8GCso #sport https://t.co/MGz7hwBZhD,0,0,positive
2019-06-07 22:02:37,#sport #sportoutfit Cotton Baseball Cap with Embroidery https://t.co/IZ1PD66yMx,0,0,neutral
2019-06-07 22:01:06,Sport: Carson Wentz contract won't affect timing of Jared Goff's dea https://t.co/v6sYPebKda #sport https://t.co/ixjlNIT8F5,0,0,neutral
2019-06-07 22:00:37,Here‚Äôs Women‚Äôs power for you mojoers :) Have a good night!@mojofestival @nuigalway #MojoFest #mojofest2019 #women‚Ä¶ https://t.co/dYPBfCG9fs,1,8,positive
2019-06-07 22:00:00,"#Sport &amp; #Lifestyle Biz hosted by John Fry &amp; @amelrachedi7 - #Motorsport Xtra, Dave Caldwell - #Boxing (part 2), An‚Ä¶ https://t.co/mTIrK3G1gF",0,0,neutral
2019-06-07 21:59:44,"*Mic drop* 
@shaneduffy @FAIreland @KatiePrice #ireland @VirgilvDijk #sport #FridayFeeling https://t.co/1IGUDKup7L",0,0,neutral
2019-06-07 21:55:55,5A/5B/7A White Oak Drum Stick 1 Pair Durable Drop-Shaped Wooden Drumsticks Drum Instruments Accessories‚Ä¶ https://t.co/Ov2LxjDN8e,0,1,neutral
2019-06-07 21:55:12,4PCS Newborn Baby Girls Clothes Long Sleeve Romper Tops Pants Headband Hat Outfit Set Mameluco Bebes Cute Floral Bo‚Ä¶ https://t.co/B7ZfTcgjBA,0,0,positive
2019-06-07 21:52:19,Most people never run far enough on their first wind to find out they‚Äôve got a second.‚Äì William James #sport #quote,0,0,positive
2019-06-07 21:52:06,#QPR: Queens Park Rangers' #Loftus Road #stadium will be renamed The #KiyanPrince Foundation #Stadium from the star‚Ä¶ https://t.co/XCAo47NAhX,0,0,neutral
2019-06-07 21:51:38,"The Sport Might Be Fantasy, But The Money You Are Going To Win is REAL! #sport #predictions #simulator https://t.co/u9UW24JWxj",0,0,positive
2019-06-07 21:51:27,"The Sport Might Be Fantasy, But The Money You Are Going To Win is REAL! #sport #predictions #simulator https://t.co/Jnhtv0uQL6",0,0,positive
2019-06-07 21:50:42,"F100_UK at lyddcircuit. Weekend with f100_90s .
.
#InternetRacingSchool
#motorsports #racing #karting #kartrace‚Ä¶ https://t.co/OqPXqEMDFA",0,0,neutral
2019-06-07 21:49:10,Done Deal: Real Madrid have confirmed the signing of @hazardeden_10 from @chelseafc on a deal until 2024 ‚úçÔ∏è‚úçÔ∏è‚úçÔ∏è‚Ä¶ https://t.co/Pq4Bm5lQbd,0,1,positive
2019-06-07 21:37:35,"Falz X Dice Ailes - Alakori
#PressPlay #Alakori #IbCity #AfroPop #AfroBeats #newmovies #Trending #sport #newfilms‚Ä¶ https://t.co/x6KZs63IzH",0,1,neutral
2019-06-07 21:36:14,"Whatever your destination, make sure you have the right clothes at the right price üòéüëå --&gt; https://t.co/aO87EnvWFY O‚Ä¶ https://t.co/G7IGezj4dU",0,0,positive
2019-06-07 21:35:18,"Sports Intro - After Effects Template Projects

Youtube : https://t.co/oiyfexCqzk 
Template :‚Ä¶ https://t.co/yXKxZ3tg51",0,0,neutral
2019-06-07 21:27:49,GoVbs üé∂üîäüí•#goodday #brother #travel #interiordesign #speed #carlove #goodmorning #tbt #lights #world #nature‚Ä¶ https://t.co/dAVDtywP0A,0,3,neutral
2019-06-07 21:25:22,"France 4-0 South Korea: Women's World Cup hosts open with one-sided victory - https://t.co/yJGobNIge2
#LiveSportToday #Sport #Scores",0,0,neutral
2019-06-07 21:25:15,#SUP SUP Board VIAMARE 330 cm inflatable / Stand up Paddleboard aufblasbar https://t.co/UOykvltrhy #StandUpPaddle #sport #paddleboarding,0,0,neutral
2019-06-07 21:23:12,"You MFs needs Satan!!

Read more: https://t.co/kfkukNiNYs

#funny #meme #facts #news #viral #trending #fortnite #F‚Ä¶ https://t.co/aFA9LLCqJT",0,3,positive
2019-06-07 21:22:38,Back with @PontyButchers7s tomorrow at @oldpensSevens . Can not wait to be involved again ! #coach #monthepens‚Ä¶ https://t.co/lGH6nJ7XbW,2,3,neutral
2019-06-07 21:22:17,"Portable Gas Turbo Torch Propane Brazing Plumbing Gun Fire Lighter Welding Tool https://t.co/qKrQabw430
#fashion|‚Ä¶ https://t.co/5Rgvu4ATda",0,0,neutral
2019-06-07 21:19:08,Fly Fishing Kits 2.7M 9FT Fly Fishing Rods 5/6 WT CNC-machined Aluminum Fly Reel with Fishing Lures and Lines Rod C‚Ä¶ https://t.co/NJUuIp0zP4,0,0,positive
2019-06-07 21:18:38,So #TheBostonBrit got to help out #TheGG3x3 on editing this little piece for their annual #Ball4Life Youth Clinic‚Ä¶ https://t.co/1nRyGmGxB2,4,5,negative
2019-06-07 21:17:04,Hosts France enjoy winning start as women‚Äôs World Cup kicks off https://t.co/9VstrFqr6L #Sport #Football #France,0,0,positive
2019-06-07 21:15:24,"BREAKING: The Houston Texans fired GM Brian Gaine. 

#nfl #nflnews #nfllive #nflupdates #nflnow #nflnetwork #espn‚Ä¶ https://t.co/jUU35ZXm08",0,1,neutral
2019-06-07 21:10:14,"Floral Embroidered Loose Blouse $13.60 https://t.co/ACoSpMz2Iu
#fashion|#electronics|#sport|#lifestyle https://t.co/VTpYPDHNZd",0,0,negative
2019-06-07 21:04:37,"Where are my amazing followers from? Please write the name of your country or state
.
.
.
#fitness #gym #fit‚Ä¶ https://t.co/WMpndKah0P",7,44,positive
2019-06-07 21:02:19,"Its time to get active üèÉüèæ
learn  about olympic values üìö and discover üåéüèü new sports 
We're celebrating #OlympicDay !‚Ä¶ https://t.co/Cz3K4c5uQP",1,2,positive
2019-06-07 21:00:32,Happy Weekend! - #jufitnessloft #jufitness #fitness #gym #fit #workout #motivation #fitnessmotivation #bodybuilding‚Ä¶ https://t.co/H1RHg4FPqN,0,3,positive
2019-06-07 20:53:04,Belgium‚Äôs Hazard joins Real Madrid for Zidane re-build https://t.co/uFg5rD08xj #Sport #Chelsea #Football,0,0,positive
2019-06-07 20:52:11,"Well Well Well, what do we-hee-hoo have here?

Read more: https://t.co/h1XzVfL6Pe

#funny #meme #facts #news #viral‚Ä¶ https://t.co/ln1Ir703Qs",1,4,positive
2019-06-07 20:50:18,Ireland 1 all draw against Denmark I'll take that result come on Ireland üáÆüá™üáÆüá™üòÉüòÉ‚öΩÔ∏è‚öΩÔ∏è #Ireland #DENIRL #happy #goal‚Ä¶ https://t.co/4yED3vKbDh,0,1,positive
2019-06-07 20:47:55,Soooo Sport and Go is the new Energy üòâ #WakayaPerfection  #Sport&amp;Go #TropicalGingerTwistFlavor  #BulaBobble https://t.co/XjUKe0E8uI,0,0,positive
2019-06-07 20:44:37,I need a gym partner üí™üèª #fitness #gym #fit #workout #motivation #fitnessmotivation #training #fitfam #health #love‚Ä¶ https://t.co/jeoYa8GhLv,0,5,positive
2019-06-07 20:44:00,Foldable Static Electrostatic Clothing Lint Dust Remover Roller Portable Clothes Pets Hair Fur Sweeper Cleaner Brus‚Ä¶ https://t.co/2Onnq0NIgJ,0,0,positive
2019-06-07 20:43:04,Spanish newspaper #sport reporting that Carrasco is close to joining #Arsenal ! #afc https://t.co/l9HcP6P7yT https://t.co/m5Upc9OhQK,1,1,neutral
2019-06-07 20:43:02,"Thinking of uni? Explore our friendly #UWTSD #Carmarthen campus, July 6. Discover our wide range of courses &amp; book‚Ä¶ https://t.co/sGJUveI2fh",0,1,positive
2019-06-07 20:38:36,RARE ADIDAS #NBA FINALS HAT CAP BLACK ADJUSTABLE THE PERFECT FATHERS DAT GIFT!üî• https://t.co/VsvAhPond0 #sport https://t.co/POhY12McrR,1,1,positive
2019-06-07 20:36:12,"Sarkodie - Legend feat. Joey B
#PressPlay #Sarkodie #JoeyB #Legend #IbCity #AfroPop #AfroBeats #newmovies #Trending‚Ä¶ https://t.co/0oNUdy4VXy",0,1,neutral
2019-06-07 20:36:11,"Modern male problems

Read more: https://t.co/T8BRXi72Nh

#funny #meme #facts #news #viral #trending #fortnite #F‚Ä¶ https://t.co/RRSwrREAhP",0,1,positive
2019-06-07 20:32:04,"F100_UK at lyddcircuit. Weekend with f100_90s .
.
#InternetRacingSchool
#motorsports #racing #karting #kartrace‚Ä¶ https://t.co/Ym4rzEYthv",0,0,neutral
2019-06-07 20:30:27,That‚Äôs the spirit! #sport #discipline #wezijnnietvansuiker https://t.co/am7HaqNPOO,1,1,neutral
2019-06-07 20:30:00,How sporting 'freak' @ashbar96 overcame burnout and gave up a second career in cricket to reach the French Open fin‚Ä¶ https://t.co/7JaiXvCgqW,3,4,neutral
2019-06-07 20:29:25,"Swim #swimming 
.
.
.
.
.
.
.
.
.
.
.
.
.
.
.
.
.
.
.
.
.
. 
. 
.
#interiordesign #photographer #instag‚Ä¶ https://t.co/LrGwegJSmr",0,0,neutral
2019-06-07 20:29:05,"Becoming a real #Boxing fan takes years of watching #Sport.  Not giving up on it, when it wasn‚Äôt popular, when Ever‚Ä¶ https://t.co/menoABncxT",0,0,positive
2019-06-07 20:27:14,The Beauty Queen gurbuzasli üíô¬† #aslihang√ºrb√ºz #Aslƒ±hanGurbuz #Aslƒ±han #aslihangurbuz #Aslƒ±hanG√ºrb√ºz #Mavi #sport‚Ä¶ https://t.co/iV6FzKJ4m7,0,0,neutral
2019-06-07 20:24:44,"GolfSixes Cascais: Thongchai Jaidee hits a hole in one - https://t.co/2CgBq4WrT6
#LiveSportToday #Sport #Scores",0,0,neutral
2019-06-07 20:24:12,"A new client have been subscribed And Win With Us üîî
üéâCongratulationsüéâ
  contact us For more information  #bet365‚Ä¶ https://t.co/yifKBYtlC7",0,2,positive
2019-06-07 20:24:10,"Amazing effort

Read more: https://t.co/aDpIwWUcjz

#funny #meme #facts #news #viral #trending #fortnite #F‚Ä¶ https://t.co/6aAzJPzAwM",0,1,positive
2019-06-07 20:24:04,"‚ö°üì∏üòçThe battle is with yourself. üì∏Canon 7D Mark II - TAMRON 17-50
.
.
.
.
#olympic #olympics #usa #training #fitness‚Ä¶ https://t.co/OZcjwvoN90",0,1,neutral
2019-06-07 20:23:17,"üì∫1000s OF CHANNELS
üì°PPV
‚öΩÔ∏è3PM KICK OFFS
üé¨MOVIE CHANNELS
üé≠AMAZING QUAILTY
üì∫FHD,FH,SD
üìΩVOD
1, 6 and 12 month options‚Ä¶ https://t.co/WldISJd1xX",0,0,neutral
2019-06-07 20:17:43,#sport #sportoutfit 2 Pcs Men's Full Toe Non Slip Yoga Socks https://t.co/FvpmvWEMRf,0,0,positive
2019-06-07 20:15:54,New 4 Inch 40 Teeth Circular Saw Blade Acrylic Plastic Woodworking Cutting Blade Tungsten Steel Alloy Hand Tools‚Ä¶ https://t.co/7ac4vjQrUL,0,1,negative
2019-06-07 20:13:12,10 10 stinking 10 months old today people. #LoganRow #dadlife #cameraham #sport #10months https://t.co/W5nMaf6yPi,0,0,positive
2019-06-07 20:10:08,Dolphins cheerleader üí™ https://t.co/miQWGqZBZU üí™ #hotties #babes #fitness #beauty #cheerleaders #training #sport https://t.co/5njChHsu1T,0,2,neutral
2019-06-07 20:03:12,"Getting to close to a wild fox

Read more: https://t.co/bUZo3zyQ1O

#funny #meme #facts #news #viral #trending‚Ä¶ https://t.co/9z35HhI6P1",0,0,positive
2019-06-07 20:02:19,"Ralph Lauren Polo Shirt S/S Mens 
#ralphlauren #polobyralphlauren
#mensclothing #vintagefashion 
#vintageclothing‚Ä¶ https://t.co/H9fAst9rgY",0,0,neutral
2019-06-07 20:02:15,CARPRIE Game Mouse Ergonomic 1600 DPI Optical USB LED Wired Mice For PC Laptop Computer Jan18 Factory price‚Ä¶ https://t.co/CzWSSwnazL,0,0,negative
2019-06-07 20:01:53,Sports performance analysis. A high focus on what went right as well as what went wrong. Safety science take heed‚Ä¶ https://t.co/2ekLMSLI2O,0,5,negative
2019-06-07 20:01:25,The only way to prove that you‚Äôre a good sport is to lose.‚Äì Ernie Banks #sport #quote,0,0,positive
2019-06-07 19:58:20,Just in case you missed me speaking live on @euronews #FIFAWWC2019 #gender #sport #GenderPayGap @OU_Sport‚Ä¶ https://t.co/i67AiExjSL,4,6,positive
2019-06-07 19:55:06,#SUP SUP Board VIAMARE 330 cm inflatable / Stand up Paddleboard aufblasbar https://t.co/7H9WJEsWSs #StandUpPaddle #sport #paddleboarding,0,0,neutral
2019-06-07 19:50:31,"How to change your Instagram username?
(English Subtitles Available)

Video: https://t.co/fQKIq1hVlj

#instagram‚Ä¶ https://t.co/IahsHVbQWy",0,0,neutral
2019-06-07 19:49:00,"thx
RT @gloriawalthour: Are u into #sports? Are u a #singer? Find out why @vernsanders thinks #Choir is essentially‚Ä¶ https://t.co/KX8d7k2rMn",1,0,neutral
